order_id,amount_paise,amount_paid_paise,amount_due_paise,currency,status,partial_payment,attempts,created_at
order_PC0001,80896,80896,0,INR,paid,false,1,2026-08-26T02:00:00+00:00
order_PC0002,77882,77882,0,INR,paid,false,1,2026-08-26T02:00:00+00:00
order_PC0003,168987,168987,0,INR,paid,false,1,2026-08-26T02:00:00+00:00
order_PC0004,107885,107885,0,INR,paid,false,1,2026-08-26T02:00:00+00:00
order_PC0005,152547,152547,0,INR,paid,false,1,2026-08-26T02:00:00+00:00
order_PC0006,213923,213923,0,INR,paid,false,1,2026-08-26T02:00:00+00:00
order_PC0007,46920,46920,0,INR,paid,false,1,2026-08-26T02:00:00+00:00
order_PC0008,148711,148711,0,INR,paid,false,1,2026-08-26T02:00:00+00:00
order_PC0009,182687,182687,0,INR,paid,false,1,2026-08-26T02:00:00+00:00
order_PC0010,216252,216252,0,INR,paid,false,1,2026-08-26T02:00:00+00:00
order_PC0011,183646,183646,0,INR,paid,false,1,2026-08-26T01:00:00+00:00
order_PC0012,139395,139395,0,INR,paid,false,1,2026-08-26T01:00:00+00:00
order_PC0013,202963,202963,0,INR,paid,false,1,2026-08-26T01:00:00+00:00
order_PC0014,48838,48838,0,INR,paid,false,1,2026-08-26T01:00:00+00:00
order_PC0015,127887,127887,0,INR,paid,false,1,2026-08-26T01:00:00+00:00
order_PC0016,217211,217211,0,INR,paid,false,1,2026-08-26T01:00:00+00:00
order_PC0017,113913,113913,0,INR,paid,false,1,2026-08-26T01:00:00+00:00
order_PC0018,165562,165562,0,INR,paid,false,1,2026-08-26T01:00:00+00:00
order_PC0019,88979,88979,0,INR,paid,false,1,2026-08-26T01:00:00+00:00
order_PC0020,142957,142957,0,INR,paid,false,1,2026-08-26T01:00:00+00:00
order_PC0021,98569,98569,0,INR,paid,false,1,2026-08-26T00:00:00+00:00
order_PC0022,202415,202415,0,INR,paid,false,1,2026-08-26T00:00:00+00:00
order_PC0023,169398,169398,0,INR,paid,false,1,2026-08-26T00:00:00+00:00
order_PC0024,68018,68018,0,INR,paid,false,1,2026-08-26T00:00:00+00:00
order_PC0025,99939,99939,0,INR,paid,false,1,2026-08-26T00:00:00+00:00
order_PC0026,183098,183098,0,INR,paid,false,1,2026-08-26T00:00:00+00:00
order_PC0027,131312,131312,0,INR,paid,false,1,2026-08-26T00:00:00+00:00
order_PC0028,38700,38700,0,INR,paid,false,1,2026-08-26T00:00:00+00:00
order_PC0029,61168,61168,0,INR,paid,false,1,2026-08-26T00:00:00+00:00
order_PC0030,52263,52263,0,INR,paid,false,1,2026-08-26T00:00:00+00:00
order_PC0031,196524,196524,0,INR,paid,false,1,2026-08-25T23:00:00+00:00
order_PC0032,87883,87883,0,INR,paid,false,1,2026-08-25T23:00:00+00:00
order_PC0033,32261,32261,0,INR,paid,false,1,2026-08-25T23:00:00+00:00
order_PC0034,80211,80211,0,INR,paid,false,1,2026-08-25T23:00:00+00:00
order_PC0035,187893,187893,0,INR,paid,false,1,2026-08-25T23:00:00+00:00
order_PC0036,207484,207484,0,INR,paid,false,1,2026-08-25T23:00:00+00:00
order_PC0037,117475,117475,0,INR,paid,false,1,2026-08-25T23:00:00+00:00
order_PC0038,56784,56784,0,INR,paid,false,1,2026-08-25T23:00:00+00:00
order_PC0039,152684,152684,0,INR,paid,false,1,2026-08-25T23:00:00+00:00
order_PC0040,137888,137888,0,INR,paid,false,1,2026-08-25T23:00:00+00:00
order_PC0041,52537,52537,0,INR,paid,false,1,2026-08-25T22:00:00+00:00
order_PC0042,108981,108981,0,INR,paid,false,1,2026-08-25T22:00:00+00:00
order_PC0043,131586,131586,0,INR,paid,false,1,2026-08-25T22:00:00+00:00
order_PC0044,175426,175426,0,INR,paid,false,1,2026-08-25T22:00:00+00:00
order_PC0045,119393,119393,0,INR,paid,false,1,2026-08-25T22:00:00+00:00
order_PC0046,149670,149670,0,INR,paid,false,1,2026-08-25T22:00:00+00:00
order_PC0047,174604,174604,0,INR,paid,false,1,2026-08-25T22:00:00+00:00
order_PC0048,83088,83088,0,INR,paid,false,1,2026-08-25T22:00:00+00:00
order_PC0049,160767,160767,0,INR,paid,false,1,2026-08-25T22:00:00+00:00
order_PC0050,145286,145286,0,INR,paid,false,1,2026-08-25T22:00:00+00:00
order_PC0051,115557,115557,0,INR,paid,false,1,2026-08-25T21:00:00+00:00
order_PC0052,114598,114598,0,INR,paid,false,1,2026-08-25T21:00:00+00:00
order_PC0053,92815,92815,0,INR,paid,false,1,2026-08-25T21:00:00+00:00
order_PC0054,206662,206662,0,INR,paid,false,1,2026-08-25T21:00:00+00:00
order_PC0055,199401,199401,0,INR,paid,false,1,2026-08-25T21:00:00+00:00
order_PC0056,195017,195017,0,INR,paid,false,1,2026-08-25T21:00:00+00:00
order_PC0057,150081,150081,0,INR,paid,false,1,2026-08-25T21:00:00+00:00
order_PC0058,100076,100076,0,INR,paid,false,1,2026-08-25T21:00:00+00:00
order_PC0059,48290,48290,0,INR,paid,false,1,2026-08-25T21:00:00+00:00
order_PC0060,206936,206936,0,INR,paid,false,1,2026-08-25T21:00:00+00:00
order_PC0061,63360,63360,0,INR,paid,false,1,2026-08-25T20:00:00+00:00
order_PC0062,101720,101720,0,INR,paid,false,1,2026-08-25T20:00:00+00:00
order_PC0063,121448,121448,0,INR,paid,false,1,2026-08-25T20:00:00+00:00
order_PC0064,116379,116379,0,INR,paid,false,1,2026-08-25T20:00:00+00:00
order_PC0065,48975,48975,0,INR,paid,false,1,2026-08-25T20:00:00+00:00
order_PC0066,32398,32398,0,INR,paid,false,1,2026-08-25T20:00:00+00:00
order_PC0067,118023,118023,0,INR,paid,false,1,2026-08-25T20:00:00+00:00
order_PC0068,136518,136518,0,INR,paid,false,1,2026-08-25T20:00:00+00:00
order_PC0069,168439,168439,0,INR,paid,false,1,2026-08-25T20:00:00+00:00
order_PC0070,68155,68155,0,INR,paid,false,1,2026-08-25T20:00:00+00:00
order_PC0071,168850,168850,0,INR,paid,false,1,2026-08-25T19:00:00+00:00
order_PC0072,168987,168987,0,INR,paid,false,1,2026-08-25T19:00:00+00:00
order_PC0073,59798,59798,0,INR,paid,false,1,2026-08-25T19:00:00+00:00
order_PC0074,209128,209128,0,INR,paid,false,1,2026-08-25T19:00:00+00:00
order_PC0075,86924,86924,0,INR,paid,false,1,2026-08-25T19:00:00+00:00
order_PC0076,77197,77197,0,INR,paid,false,1,2026-08-25T19:00:00+00:00
order_PC0077,151999,151999,0,INR,paid,false,1,2026-08-25T19:00:00+00:00
order_PC0078,180084,180084,0,INR,paid,false,1,2026-08-25T19:00:00+00:00
order_PC0079,209676,209676,0,INR,paid,false,1,2026-08-25T19:00:00+00:00
order_PC0080,37193,37193,0,INR,paid,false,1,2026-08-25T19:00:00+00:00
order_PC0081,190496,190496,0,INR,paid,false,1,2026-08-25T18:00:00+00:00
order_PC0082,111584,111584,0,INR,paid,false,1,2026-08-25T18:00:00+00:00
order_PC0083,170905,170905,0,INR,paid,false,1,2026-08-25T18:00:00+00:00
order_PC0084,142409,142409,0,INR,paid,false,1,2026-08-25T18:00:00+00:00
order_PC0085,75827,75827,0,INR,paid,false,1,2026-08-25T18:00:00+00:00
order_PC0086,129668,129668,0,INR,paid,false,1,2026-08-25T18:00:00+00:00
order_PC0087,152958,152958,0,INR,paid,false,1,2026-08-25T18:00:00+00:00
order_PC0088,194332,194332,0,INR,paid,false,1,2026-08-25T18:00:00+00:00
order_PC0089,42673,42673,0,INR,paid,false,1,2026-08-25T18:00:00+00:00
order_PC0090,118708,118708,0,INR,paid,false,1,2026-08-25T18:00:00+00:00
order_PC0091,56647,56647,0,INR,paid,false,1,2026-08-25T17:00:00+00:00
order_PC0092,143916,143916,0,INR,paid,false,1,2026-08-25T17:00:00+00:00
order_PC0093,207073,207073,0,INR,paid,false,1,2026-08-25T17:00:00+00:00
order_PC0094,197757,197757,0,INR,paid,false,1,2026-08-25T17:00:00+00:00
order_PC0095,174193,174193,0,INR,paid,false,1,2026-08-25T17:00:00+00:00
order_PC0096,29110,29110,0,INR,paid,false,1,2026-08-25T17:00:00+00:00
order_PC0097,222006,222006,0,INR,paid,false,1,2026-08-25T17:00:00+00:00
order_PC0098,72813,72813,0,INR,paid,false,1,2026-08-25T17:00:00+00:00
order_PC0099,220910,220910,0,INR,paid,false,1,2026-08-25T17:00:00+00:00
order_PC0100,53359,53359,0,INR,paid,false,1,2026-08-25T17:00:00+00:00
order_PC0101,170357,170357,0,INR,paid,false,1,2026-08-25T16:00:00+00:00
order_PC0102,211183,211183,0,INR,paid,false,1,2026-08-25T16:00:00+00:00
order_PC0103,195702,195702,0,INR,paid,false,1,2026-08-25T16:00:00+00:00
order_PC0104,30891,30891,0,INR,paid,false,1,2026-08-25T16:00:00+00:00
order_PC0105,135011,135011,0,INR,paid,false,1,2026-08-25T16:00:00+00:00
order_PC0106,31850,31850,0,INR,paid,false,1,2026-08-25T16:00:00+00:00
order_PC0107,41303,41303,0,INR,paid,false,1,2026-08-25T16:00:00+00:00
order_PC0108,59798,59798,0,INR,paid,false,1,2026-08-25T16:00:00+00:00
order_PC0109,88020,88020,0,INR,paid,false,1,2026-08-25T16:00:00+00:00
order_PC0110,176659,176659,0,INR,paid,false,1,2026-08-25T16:00:00+00:00
order_PC0111,158849,158849,0,INR,paid,false,1,2026-08-26T06:00:00+00:00
order_PC0112,141998,141998,0,INR,paid,false,1,2026-08-26T06:00:00+00:00
order_PC0113,157342,157342,0,INR,paid,false,1,2026-08-26T06:00:00+00:00
order_PC0114,97473,97473,0,INR,paid,false,1,2026-08-26T06:00:00+00:00
order_PC0115,37330,37330,0,INR,paid,false,1,2026-08-26T06:00:00+00:00
order_PC0116,194880,194880,0,INR,paid,false,1,2026-08-26T06:00:00+00:00
order_PC0117,167480,167480,0,INR,paid,false,1,2026-08-26T06:00:00+00:00
order_PC0118,119941,119941,0,INR,paid,false,1,2026-08-26T06:00:00+00:00
order_PC0119,183920,183920,0,INR,paid,false,1,2026-08-26T06:00:00+00:00
order_PC0120,47194,47194,0,INR,paid,false,1,2026-08-26T06:00:00+00:00
